company,location,position,time
Agoda,"San Francisco, CA",Data Science Manager - Bangkok,
Glassdoor,"Mill Valley, CA","Lead Data Scientist, Decision Science",5
StubHub,"San Francisco, CA",Revenue Modeling & Data Science Lead,8
NinthDecimal,"Mountain View, CA",Data Scientist,
Zoosk,"San Francisco, CA","Director, Data Science",7
Agilent Technologies,"Santa Clara, CA",Data Scientist,6
"Auris Health, Inc.","Redwood City, CA",Staff Systems Engineer - Advanced Development,
American Century Investments,"Mountain View, CA",Data Scientist,27
SugarCRM,"Cupertino, CA",Software Engineer - AI / Machine Learning / Data Science,6
Monster Worldwide,"San Francisco, CA",Intern - Data Science,
Uber,"San Diego, CA",Data Science Manager - Advanced Analytics,15
CynergisTek,"Roseville, CA",Privacy and Information Security Risk Management Analyst,28
PayPal,"San Jose, CA",Data Scientist,21
Datastax,"Santa Clara, CA",Data Science Intern,
Stripe,"San Francisco, CA",Data Scientist,12
PayPal,"San Jose, CA","Data Analyst, Entry Level (Graduate Degree)",
Elevate Credit,"San Diego, CA","Director, Data Science - Aquisitions",13
Thermo Fisher Scientific,"Carlsbad, CA",Sr. Audience Developer - Data Science,
San Francisco Health Plan,"San Francisco, CA","Director, Business Intelligence/Healthcare Analytics",11
Castlight Health,"San Francisco, CA",Data Science Intern,
Lookout,"San Francisco, CA",Staff Data Engineer,5
Western Digital,"Irvine, CA","Technologist, Data Science Engineer",
Amgen,"Thousand Oaks, CA",Principal Engineer of Data Science,
23andMe,"Mountain View, CA",Data Scientist,14
Square,"San Francisco, CA",Data Science Intern,8
Stanford School of Medicine,"Stanford, CA",Data Scientist,26
Cylance Inc.,"Irvine, CA",Senior Data Science Engineer,14
Domino Data Lab,"San Francisco, CA",Customer Success Manager,
"Fullpower Technologies, Inc.","Santa Cruz, CA",Android Software Engineer,5
Agoda,"San Francisco, CA","Product Owner, Marketing",21
"Fullpower Technologies, Inc.","Santa Cruz, CA",Database Development Engineer,15
Hart,"Costa Mesa, CA",Data Integration Engineer (SQL),23
BCG Digital Ventures,"Irvine, CA",Measurement Scientist,26
Credit Karma,"San Francisco, CA",Data Scientist,
Zoosk,"San Francisco, CA",Payments Manager/Data Analyst,
Denali,"South San Francisco, CA",Data Science Intern,
Factual,"Los Angeles, CA",Associate Data Scientist,25
Facebook,"Menlo Park, CA","Data Science Manager, Analytics",5
Fuscoe Engineering,"Irvine, CA",Data Science Technician,16
ARM Holdings,"San Jose, CA",Head of Data Science,23
Aera Technology,"Mountain View, CA",Senior Data Scientist,
Mercy General Hospital,"Sacramento, CA",RN Quality Management Data Analyst,26
Equinix,"Sunnyvale, CA",Intern: Data Science,25
KORE1 Technologies,"Irvine, CA",Data Scientist,
Amgen,"Thousand Oaks, CA",Associate Data Science (UR),
Rainforest QA,"San Francisco, CA",Data Science Generalist,7
Amgen,"Thousand Oaks, CA",Director - Data Science Acceleration,
Hulu,"Santa Monica, CA",Data Scientist,
University of California,"Los Angeles, CA",DATA SCIENCE INTERN (STUDENT II),6
BOLD,"San Francisco, CA",Data Scientist,23
Amgen,"Thousand Oaks, CA",Data Science Manager,
Glassdoor,"Mill Valley, CA","Director, Product Marketing",21
Import.io,"Los Gatos, CA",Business Operations - Data Analyst,
Experian,"San Jose, CA",Artificial Intelligence/Machine Learning Software Development Engineer,7
Retention Science,"Santa Monica, CA",Data Scientist,14
ZEFR,"Venice, CA",Data Science Intern,13
Amgen,"Thousand Oaks, CA",Sr. Associate - Data Science (UR),
AutoGrid,"Redwood City, CA",Data Science Intern,13
Riot Games,"Santa Monica, CA",Data Scientist,12
Elevate Credit,"San Diego, CA",Sr. Data Scientist,6
"Quora, Inc.","Mountain View, CA",Data Scientist Intern,
AlphaFlow,"San Francisco, CA","Director, People Operations",14
Cisco Systems,"San Jose, CA",Data Scientist,
Looker,"Santa Cruz, CA","Data Analyst Consultant, Professional Services",16
"Fullpower Technologies, Inc.","Santa Cruz, CA","Software Engineer, Natural Language Processing",19
Cisco Systems,"San Jose, CA",Director of Data Strategy and Science,7
Agilent Technologies,"Santa Clara, CA",R&D Data Scientist,12
Domino Data Lab,"San Francisco, CA",Site Reliability Engineer,6
Launch Consulting,"Roseville, CA",Data Scientist,12
Glassdoor,"Mill Valley, CA",Lead Data Engineer,9
Cencal Health,"Santa Barbara, CA",Sr. UM/CM Data Analyst,21
Stripe,"San Francisco, CA",Data Scientist Intern,
Verizon Wireless,"Irvine, CA",Data Scientist,27
PETCO,"San Diego, CA",Director Data Science & Analytics,7
Osmo,"Palo Alto, CA",Data Science Intern,
Hart,"Costa Mesa, CA","Software Engineer, Data Platform",
Inland Empire Health Plan,"Rancho Cucamonga, CA",Developer II - Data Warehouse,23
Tangible Play,"Palo Alto, CA",Data Science Intern,
City of San Diego,"San Diego, CA",Data Science and Analytics Program Coordinator,
Glassdoor,"Mill Valley, CA","Lead Data Scientist, Machine Learning",7
BOLD,"San Francisco, CA",Associate Data Science,23
Facebook,"Menlo Park, CA",Data Science Manager - Customer Insights,
Nortek Security & Control,"Carlsbad, CA",Bus Systems & Data Analyst ERP/MRP,11
NTT DATA,"San Francisco, CA",Sales Executive - Life Sciences Vertical,14
Blue Shield of California,"San Francisco, CA",Health Data Analyst IV,21
Advanced Clinical,"San Francisco, CA","Associate Director, Statistical Programming",4
Plume,"Palo Alto, CA",Data Science Engineer (Data Scientist),
Fitbit,"San Francisco, CA","Senior Data Engineer, Global Operations",19
Amgen,"Thousand Oaks, CA",Data Scientist,
"Fullpower Technologies, Inc.","Santa Cruz, CA",Senior Android Software Engineer,5
oDesk,"San Francisco, CA",Vice President of Data Science and Search Engineering,7
Esurance,"Rocklin, CA",Sr Product Data Analyst,
Glassdoor,"Mill Valley, CA",Senior DevOps Engineer (Big Data),9
Facebook,"Menlo Park, CA","Data Science Manager, SMB",14
Amgen,"Thousand Oaks, CA",PD Postdoctoral Fellow - Biophysical Chemistry and Data Science,
"Pixalate, Inc.","Playa Vista, CA",Data Science Intern - PhD/Masters,
Zoosk,"San Francisco, CA",Senior Data Analyst,6
Roku,"Los Gatos, CA",Senior Data Science Architect,
UCLA Health,"Westwood, CA",Data Science Intern,
NetApp,"Sunnyvale, CA",Enterprise Architect Data Science,8
University of California,"San Francisco, CA",Data Science Specialist,
Upstart,"San Carlos, CA",Data Scientist,
BCG Digital Ventures,"Irvine, CA",Senior Data Scientist for a Stealth Venture,26
BlueVine,"Redwood City, CA",Senior Business Analyst,12
Walmart eCommerce,"San Bruno, CA",Data Scientist Intern - Summer,
PayJoy,"San Francisco, CA",Head of Risk & Data Science,8
Sojern,"San Francisco, CA",Senior Data Science Engineer,
ASML,"San Jose, CA",Data Scientist,
Stitch Fix,"San Francisco, CA",Manager of Data Science,0
Get Insured,"Mountain View, CA",Sr. Software Engineer,20
Johnson & Johnson,"Irvine, CA","Senior Data Scientist, Data Sciences and Advanced Analytics R&D Technology",13
Dollar Shave Club,"Marina del Rey, CA","Director of Engineering, Data Science & Engineering",
Agilent Technologies,"Santa Clara, CA",Digital Data Scientist,27
Indeed,"San Francisco, CA",Data Science Manager,
eBay,"San Francisco, CA",Sr. Data Science Manager,0
"Software Technology, Inc","San Diego, CA",Data Scientist,
Walmart eCommerce,"San Bruno, CA","Senior Manager, Advanced Analytics",
Auto Club of Southern California,"Costa Mesa, CA",Data Science Lead,28
Bayer,"Berkeley, CA",Senior Data Science Analyst,
Samsung Research America,"Mountain View, CA",Machine Learning Platform Engineer - Samsung Pay Data Science Team,
The Clorox Company,"Oakland, CA",Global Insights Data Analyst Data Science Internship,
Opendoor,"San Francisco, CA",Data Scientist (Predictive Services),6
Credit Karma,"San Francisco, CA","Sr. Manager / Director, Partner Decision Science",9
Engage3,"Davis, CA",Data Scientist,30
GoGuardian,"El Segundo, CA",Data Scientist,
JPMorgan Chase & Co,"Palo Alto, CA","Data Science, Analytics & Insights",6
ZS Associates,"Los Angeles, CA",Data Science Consultant,21
TIBCO,"San Francisco, CA",Data Science Application Architect,5
Evanston Group,"San Francisco, CA","Sr. IT Business Analyst, Biopharma, R&D (2751)",15
Intuit,"San Francisco, CA",Group Manager Data Science and Analytics,13
Thumbtack,"San Francisco, CA",Data Scientist,
"Slingshot Aerospace, Inc","El Segundo, CA",Data Science Intern,8
Pinterest,"San Francisco, CA",Pinterest Labs Researcher,
"Quora, Inc.","Mountain View, CA",Data Science Manager,
Udacity,"San Francisco, CA",Data Science Manager,7
Amgen,"Thousand Oaks, CA",Director Data Science Acceleration,5
ID Analytics,"San Diego, CA",Data Science Intern — Summer,
Zynga,"San Francisco, CA","Data Scientist 4, Central Strategic Analytics",8
ThirdLove,"San Francisco, CA",Data Science Engineer,5
Stripe,"San Francisco, CA",Data Science Engineer,5
Central Garden & Pet Company,"Walnut Creek, CA",Digital Analytics Analyst,11
Adobe,"San Jose, CA",Director Data Science Lab,8
ASML,"San Diego, CA",Sr Product Engineer - Data Science,12
Zynga,"San Francisco, CA","Data Scientist 3, Poker",14
ShareThis,"Palo Alto, CA",Principal Software Engineer - Data Science,7
HotelTonight,"San Francisco, CA",Data Scientist,13
Banjo,"Redwood City, CA",Data Science Engineer,
Salesforce,"San Francisco, CA",Data Science & Engineering Leaders,6
Thermo Fisher Scientific,"Carlsbad, CA",Marketing Database Developer,
Entytle,"Palo Alto, CA",Data Analyst,
Facebook,"Menlo Park, CA","Data Science Manager, Analytics (Ads)",8
Sojern,"San Francisco, CA",Data Science Engineer,
Domino Data Lab,"San Francisco, CA",Senior Site Reliability Engineer,16
Thermo Fisher Scientific,"Carlsbad, CA",Digital Marketing Offer Management & Content Strategist,
Blizzard Entertainment,"Irvine, CA",Data Scientist - Machine Learning Engineer,
Activision,"Santa Monica, CA",Lead Data Scientist,22
Zoom,"San Jose, CA","Business Analyst, Data Science",6
Intuit,"Mountain View, CA","Director of Data Science, Fraud & Risk",
Quizlet,"San Francisco, CA","Manager, Data Science & Engineering",22
Affirm,"San Francisco, CA",Data Scientist,
Tubular Labs,"Mountain View, CA",Data Scientist,
Sojern,"San Francisco, CA",Director of Data Science,13
HotelTonight,"San Francisco, CA",Senior Data Scientist,7
Dassault Systemes,"San Diego, CA","Product Manager, Data Science",13
Uber,"San Francisco, CA",Manager - Developer Platform Data Science,
Domino Data Lab,"San Francisco, CA",Senior Software Engineer in Test,7
Aera Technology,"Mountain View, CA",Solutions Architect,8
SurveyMonkey,"San Mateo, CA","Director, Data Science",
Harrison Clarke International,"San Francisco, CA",Lead DevOps Engineer,
Clarity Insights,"San Francisco, CA",Data Analyst - Consultant,15
SapientNitro,"San Francisco, CA","Director, Data Science and Analytics",6
Google,"San Bruno, CA","Product Analyst, Data Science",8
BeyondCurious,"Los Angeles, CA",Director of Data Science & Analytics,8
Capital Games,"Redwood City, CA","Senior Manager, Data Science",7
Software Technology Inc,"San Diego, CA","Scientist 2, Data Science",23
DocuSign,"San Francisco, CA","Director, Product Data Science",9
UC San Francisco,"San Francisco, CA",Computational and Data Science Research Specialist III,
Domino Data Lab,"San Francisco, CA",Principal Front End Engineer,23
Hulu,"Santa Monica, CA","Director, Data Science",7
Mystery Science,"San Francisco, CA",Data Scientist,29
Collective Health,"San Francisco, CA",Data Science Engineer,22
Autolist,"San Francisco, CA",Data Scientist,
Facebook,"Menlo Park, CA","Director, Infrastructure Data Science",6
Cisco,"San Jose, CA","Data Science, Technical Lead",4
Apple Inc.,"Cupertino, CA",Data Scientist,
Samba TV,"San Francisco, CA",Manager of Data Science,9
Coffee Meets Bagel,"San Francisco, CA",Senior Data Scientist,
Alignment Healthcare,"Orange, CA","Director, Data Science",6
Match Relevant,"Newport Beach, CA",Director of Data Science,5
Splunk,"San Jose, CA","Senior Manager, Security Innovation&Data Science",
Albertsons Companies,"Pleasanton, CA",Data Science Senior Program Manager,
Domino Data Lab,"San Francisco, CA",Senior Software Engineer,
Tenable,"Los Angeles, CA",Technical Product Manager - Data Science,19
AXS,"Los Angeles, CA",Sr Director of Data Science,4
Rang Technologies,"Pasadena, CA",Science Data Processing Engineer,6
Capital One,"San Francisco, CA","Senior Associate, Data Science",5
SPIRE (California),"San Francisco, CA",Data Science Engineer,14
Shipt,"San Francisco, CA",Director of Data Science,
"Health Services Advisory Group, Inc.","Los Angeles, CA","Analyst I, Data Science",12
Udacity,"San Francisco, CA",Data Science Instructor,7
Walt Disney Company,"Burbank, CA",Data Analyst Internship,7
ofo,"San Francisco, CA",Data Science Analyst,
TrueCar,"Santa Monica, CA",Data Scientist,
Sojern,"San Francisco, CA",Lead Data Science Engineer,10
University of California Berkeley,"Berkeley, CA",Lecturer Pool - Data Science - College of Letters and Science,7
Booz Allen Hamilton Inc.,"San Diego, CA",Data Scientist,5
Roku,"Los Gatos, CA",VP Data Science,
Aetna,"San Francisco, CA","ED, Data Science",
Lieberman Research Worldwide,"Los Angeles, CA",Data Scientist,
Twitch,"Irvine, CA",Data Analyst,
Splunk,"San Jose, CA","Senior Data Scientist, Security Innovation&Data Science (Remote ok)",
Electronic Arts,"Redwood City, CA","Senior Manager, Data Science",13
Arimo,"Mountain View, CA",Data Scientist,
Spirent Communications,"San Jose, CA",Data Analyst Intern,
Intuit,"San Francisco, CA",Data Science Recruiter,7
Nuna,"San Francisco, CA","Director, Data Science",20
Intuit,"Mountain View, CA",Data Science Leader,8
BuzzFeed,"Los Angeles, CA",Data Science Manager,
Fair Trade USA,"Oakland, CA",Director of Data Science,13
Udemy,"San Francisco, CA",Data Science Manager (Product and Marketing Decision Science),
Hinge Health,"San Francisco, CA",Data Science Engineer,
Strivector,"San Francisco, CA",REVENUE MODELING & DATA SCIENCE LEAD,5
UnitedHealth Group,"Irvine, CA",Manager of Data Science,0
Byton,"Santa Clara, CA",Data Science Engineer,16
Uber,"San Francisco, CA",Data Science Manager - Shared Rides,6
Xtime,"Redwood City, CA",Data Analytics Intern,5
Johnson & Johnson,"Irvine, CA","Principal Data Scientist, Data Sciences and Advanced Analytics R&D Technology",13
Syneos Health Commercial Solutions,"San Francisco, CA","San Francisco, CA- Derm Flex Pharmaceutical Sales Representative",
Airbnb,"San Francisco, CA","Data Science Manager - Analytics, Trips",
Lyra Health,"Burlingame, CA",Head of Data Science,8
Domino Data Lab,"San Francisco, CA",Creative Director,8
eBay Inc.,"San Francisco, CA",Head of Data Science & Engineering,12
PagerDuty,"San Francisco, CA","Data Science, User Analytics Manager",
iRobot Corporation,"Pasadena, CA",Deep Learning and Vision Robotic Scientist,7
Edmunds.com,"Santa Monica, CA",Senior Analyst/Data Scientist,
Syneos Health Commercial Solutions,"San Francisco, CA",Senior Consultant - Commercial Strategy and Planning,4
PTP,"Gold River, CA",Data Scientist,16
Mixpanel,"San Francisco, CA",Head of Machine Learning&Data Science,5
"Quora, Inc.","Mountain View, CA",Data Scientist,
ofo,"San Francisco, CA",Data Science Manager,
Syneos Health Commercial Solutions,"San Francisco, CA","Consultant, Commercial Strategy and Planning",
Wish,"San Francisco, CA",Software Engineer - Data Science,8
Clarity Insights,"San Francisco, CA",Engagement Manager - High Tech - Senior Principal,23
Intuit,"Mountain View, CA","Senior Manager of Data Science, Care",6
Evernote,"Redwood City, CA","Senior Software Engineer, Data Science Applications",
JBCConnect,"San Francisco, CA","Sourcer, Data Science",19
"Airbnb, Inc.","San Francisco, CA","Data Science Manager, Payments",17
eBay Inc.,"San Francisco, CA",Revenue Modeling & Data Science Lead,8
Grand Rounds,"San Francisco, CA",Data Science Manager,15
Tailored Management,"South San Francisco, CA",Data Scientist,
Tonal,"San Francisco, CA",Data Scientist,
Uber,"San Francisco, CA",Marketplace Forecasting Data Science Manager,6
Amgen,"Thousand Oaks, CA",Data Sciences Sr. Associate,4
Brandify,"Anaheim, CA",Data Analyst Intern,
Roblox,"San Mateo, CA",Data Scientist,
Savonix,"San Francisco, CA",Director of Data Science,23
StubHub,"San Francisco, CA",Sr. Data Science Manager,8
Twitter,"San Francisco, CA",Senior Financial Analyst (Revenue Forecasting / Data Science),4
Zoom,"San Jose, CA","Business Analyst, Data Science (Enterprise Focused)",7
Zynga,"San Francisco, CA","Data Analyst 3, Growth",27
Clarity Insights,"San Francisco, CA",Data Engineer - Principal (Big Data Architect),28
C3 IoT,"Redwood City, CA",Data Scientist,
Bayinfotech,"Los Angeles, CA",Data Scientist,
Domino Data Lab,"San Francisco, CA","Principal Engineer, Core Services",19
Dropbox,"San Francisco, CA","Senior Manager, Data Science",14
Transfair U.S.A.,"Oakland, CA",Director of Data Science,13
Mixpanel,"San Francisco, CA",Head of Machine Learning & Data Science,5
AdRoll Group,"San Francisco, CA","Senior Infrastructure Engineer, Data Science",5
StubHub,"San Francisco, CA",Head of Data Science & Engineering,12
Lawrence Berkeley Lab,"Berkeley, CA",Biomedical Data Science Postdoctoral Scholar,7
Vizio Inc.,"San Francisco, CA","Director, Data Science",
Facebook,"Menlo Park, CA","Director, Data Science & Platforms - SMB",12
Intuit,"San Francisco, CA","Director of Data Science, Central Services",12
Bain & Company,"San Francisco, CA","Senior Specialist, Data Science",20
Panasonic Avionics Corporation,"Pleasanton, CA","Sr. Director, Data Science",12
Syneos Health Commercial Solutions,"San Francisco, CA",Per Diem Home Injection Nurse Educator,7
Dropbox,"San Francisco, CA",Senior Data Science Manager,13
Grammarly,"San Francisco, CA",Data Scientist,
IntraEdge,"San Clemente, CA",Data Scientist,16
Databricks,"San Francisco, CA",Senior Data Science Instructor,23
Becton Dickinson and Company,"San Diego, CA",Senior Principal Solution Architect,
Swain Techs,"Pasadena, CA",Science Data Archive and Analytics Manager,22
Shape Security,"Mountain View, CA",Data Scientist,
Feedzai,"San Mateo, CA",Director of Data Science,20
Walmart eCommerce,"Sunnyvale, CA",Data Scientist,
Walt Disney Company,"Burbank, CA","Data Analyst Internship- Burbank, Fall",8
Instacart,"San Francisco, CA","Data Science Manager, Fulfillment",6
Sayva Solutions,"Carlsbad, CA",Data Science Manager,30
Capital One,"San Francisco, CA","Principal Associate, Data Science",22
General Dynamics,"San Diego, CA",Data Scientist,6
Cypress HCM,"San Francisco, CA","Associate Director, Data Science and Analytics",20
Kaiser Permanente,"Pasadena, CA",Data Scientist,8
Freedom Financial Network,"San Mateo, CA",Data Scientist,
iRhythm Technologies,"San Francisco, CA","Director, Data Science",14
J.D. Power,"Westlake Village, Los Angeles, CA",Data Scientist,
Machine Zone,"Palo Alto, CA","Data Science Engineer, Systems",23
Saama,"Campbell, CA","Data Architect, Life Science Commercial",4
PagerDuty,"San Francisco, CA","Senior Software Development Engineer, Data Science",
Adobe,"San Jose, CA",Data Scientist,19
Rose International,"Pleasanton, CA",Data Scientist,
Mathematica Policy Research,"Oakland, CA",Senior Data Science Lead,18
Teradata,"Santa Clara, CA","Director Engineering, Applications and Data Science",
Facebook,"Menlo Park, CA","Data Science Manager, Marketing Science R&D",12
Uber,"San Francisco, CA",Data Science Manager - Customer Obsession,9
Raytheon,"Pasadena, CA",Science Data Processing Engineer,16
Western Digital,"Fremont, CA","Data Science Engineer, Advanced Manufacturing",6
Google,"San Bruno, CA","Product Analytics Lead, Data Science",8
Opinion Dynamics,"San Francisco, CA",MANAGING CONSULTANT- DATA SCIENCE,
Coffee Meets Bagel,"San Francisco, CA",Backend Software Engineer,27
Nordstrom,"Los Angeles, CA",Manager of Data Science & Analytics,
Udemy,"San Francisco, CA",Senior Data Scientist - Decision Science,13
Castlight Health,"Mountain View, CA",Senior Member of Technical Staff - Data Science,
Sapient,"San Francisco, CA","Director, Data Science and Analytics",26
Systems Integration Solutions,"Sunnyvale, CA",Big Data & Data Science Platform Engineer,12
Progress,"Redwood City, CA",DevOps Engineer,
AutoGrid Systems,"Redwood City, CA",Data Science Intern,13
Ultimate Software,"San Francisco, CA","DIRECTOR, DATA STRATEGY AND PRODUCT",19
Patreon,"San Francisco, CA",Data Engineering Lead,5
Coinbase,"San Francisco, CA",Senior Software Engineer - Machine Learning,20
Clover Health,"San Francisco, CA",Data Scientist,
Ultimate Software,"San Francisco, CA",DIRECTOR OF PRODUCT – TALENT DOMAIN,22
Fast Switch,"Pasadena, CA",OBIEE Report Developer (CA3) - BHJOB13738_46244 GD,16
Outpost Games,"South San Francisco, CA",Director of Data Science,20
Safeway Inc,"Pleasanton, CA",Data Science Senior Program Manager,
Rockwell Automation,"San Jose, CA","Technical Consultant, Data Science",28
Uber,"San Francisco, CA","Data Science Manager, Location Services",13
Syneos Health Commercial Solutions,"Riverside, CA","Riverside, CA-Pharmaceutical Sales Representative",
University of California Berkeley,"Berkeley, CA",Lecturer - Data Science - School of Information,13
DoorDash,"San Francisco, CA","Software Engineer, Data Science",
Facebook,"Menlo Park, CA",Data Scientist,
Thermo Fisher Scientific,"Carlsbad, CA",Senior Digital Marketing Manager,
TIBCO Software,"San Francisco, CA",Data Science Application Architect,19
Airbnb,"San Francisco, CA",Data Science Manager - Analytics,30
Qventus,"Mountain View, CA",Data Scientist,
Adobe,"San Jose, CA",Sr. Data Science Engineer,19
FabFitFun,"Los Angeles, CA",Head of Data Science,21
Syneos Health Commercial Solutions,"Los Angeles, CA","Los Angeles, CA-Derm Pharmaceutical Sales Representative",6
Looker,"San Francisco, CA",Enterprise Sales Executive,9
Apple,"Santa Clara, CA","Manager, Machine Learning/Data Science",22
iRobot Corporation,"Pasadena, CA",Cloud Software Engineer,21
Uber,"San Francisco, CA","Data Science Software Engineer, Self Driving",9
Opinion Dynamics,"San Francisco, CA",CONSULTANT– DATA SCIENCE GROUP,
Lyft,"San Francisco, CA",Data Science Manager,28
Medtronic Inc.,"Northridge, CA","Engineering Manager, Data Science&Algorithm Development (DSP)",5
First Health Group,"San Francisco, CA","ED, Data Science",13
Wonolo,"San Francisco, CA",Head of Data Science,15
PayPal,"San Jose, CA",Data Scientist - GFCC,
Facebook,"Menlo Park, CA","Data Scientist, Analytics - Product Foundation",
Splunk,"San Francisco, CA","Senior Manager, Security Innovation & Data Science",
Flexport,"San Francisco, CA",Data Scientist,
Encore Capital Group,"San Diego, CA",Data Analyst,
Cloudera,"Palo Alto, CA","Director Product Management, Data Science",17
Esurance,"San Francisco, CA",Data Scientist,6
Palo Alto Networks,"Santa Clara, CA",Machine Learning Software Engineer (Threat Intelligence),
San Diego State University,"San Diego, CA",Social Sciences and Data Librarian - Senior,4
Walmart eCommerce,"San Bruno, CA","Associate Director, Marketing Business Operations",7
NVIDIA,"Santa Clara, CA",Data Science Project and Product Manager,20
FirstRain,"San Mateo, CA",Senior Data Science Engineer,23
Syneos Health Commercial Solutions,"Bakersfield, CA","Bakersfield, CA - Pharmaceutical Sales Representative",14
Make School,"San Francisco, CA",Data Science Instructor and Curriculum Engineer,26
Syneos Health Commercial Solutions,"San Francisco, CA",West Field Talent Manager,
Accenture,"San Francisco, CA","Data Science Manager - Communications, Media and Technology",7
HotelTonight,"San Francisco, CA",Senior Data Analyst,28
Wealthfront,"Redwood City, CA",Senior Marketing Analytics Manager,
Airbnb,"San Francisco, CA",Data Science Manager - Trips Platform,20
Counsyl,"South San Francisco, CA","Computational Biologist, Data Science Research",8
Syneos Health Commercial Solutions,"Chico, CA","Chico, CA - Pharmaceutical Sales Representative",13
Avani Technology Solutions,"San Francisco, CA",Data Scientist,
Vdart,"San Jose, CA",Data Scientist,5
Looker,"San Francisco, CA","Data Analyst Consultant, Professional Services - SF",16
Syneos Health Commercial Solutions,"Orange, CA","Orange County, CA- Derm Flex Pharmaceutical Sales Representative",6
AgilOne,"San Francisco, CA",Data Scientist Intern,
UC Santa Cruz,"Santa Cruz, CA",Computer Science: Assistant Professor: Data Science (Open Until Filled; Initial Review 12/15/17),4
Amobee,"Redwood City, CA","Senior Manager, Applied Science",6
Walmart eCommerce,"San Bruno, CA","Senior Manager, Growth Marketing",7
Castlight Health,"San Francisco, CA",Data Analyst,
Ridecell,"San Francisco, CA",Director of Data Science,21
"Staples, Inc.","San Jose, CA",Principal Software Engineer - Data Science,5
Aviana Global Technologies,"Brea, CA",Data Scientist,26
Lattice Engines,"San Mateo, CA",Senior Data Science Engineer,26
Slingshot Aerospace,"El Segundo, CA",Geospatial Data and Information Science Intern,
Diverse Lynx,"San Jose, CA",Data Scientist,
IBM,"San Francisco, CA",Data Science & Machine Learning Offering Manager Intern (graduate),5
General Assembly,"San Francisco, CA",Data Science Instructor,22
Houlihan Lokey,"Los Angeles, CA","Programmer Analyst, Data Science - Information Technology",5
Sonder,"San Francisco, CA",Machine Learning Engineer,
FT Optimize LLC,"Half Moon Bay, CA",Data Science Engineer,23
Airbnb,"San Francisco, CA","Data Science Manager - Analytics, Lux",24
NextDeavor Services,"Foster City, CA",Data Science Technical Consultant - GILDJP,5
Paysafe,"Irvine, CA",Data Scientist,4
ID Analytics,"San Diego, CA",Data Scientist,
Saama Technologies Inc,"Campbell, CA",Data Scientist,7
Apple,"Santa Clara, CA",Data Science Manager - Search Ads,14
Minted,"San Francisco, CA",Data Scientist,
Twitch,"San Francisco, CA",Director of Data Science,27
Hunter Technical Resources,"Irvine, CA",Data Scientist,13
Hortonworks,"Santa Clara, CA",Product Management Director - Data Science,14
Saama Technologies Inc,"Campbell, CA","Data Architect, Life Science Commercial",6
ZestFinance,"Los Angeles, CA","Director, Data Science",
NBCUniversal,"Universal City, CA","Director, Data Science",27
Westfield,"San Francisco, CA","Senior Director, Data Science",27
Enterprise Solution inc,"San Diego, CA",Data Science / Warehouse / Analytics Project Manager,5
Thermo Fisher Scientific,"Carlsbad, CA","Senior Data Scientist, Antibodies and Immunoassay Systems",
Coupang,"Mountain View, CA",Director of Data Science,16
Facebook,"Menlo Park, CA","Core Data Science, PhD University Grad",8
Splunk,"San Jose, CA","Senior Data Scientist, Security Innovation & Data Science (Remote ok)",
Stamps.com,"El Segundo, CA",Data Analyst - Finance,5
Bluestem Brands,"El Segundo, CA",Data Scientist,
Apple,"Santa Clara, CA",Data Science & Machine Learning Engineer- iPhone Operations,13
Epicor Software,"Dublin, CA","Sr. Analyst, Industry Data Analytics & Data Sciences",13
ESRI,"Redlands, CA",Data Science Product Engineer - ArcGIS API for Python,6
Cox Enterprises,"Redwood City, CA",Data Scientist,6
J.P. Morgan,"Palo Alto, CA","Commercial Banking Data Science, Analytics & Insights",15
"Operam, Inc","Los Angeles, CA","Director, Data Science",23
Euclid Analytics,"San Francisco, CA",Product Manager - Data Science&Machine Learning,14
Egnyte,"Mountain View, CA",Data Analysis Manager,20
Samsung Research America,"Mountain View, CA",Senior Data Science Engineer - Visual Display,
Credit Karma,"Venice, CA",Engineering Manager,14
Outset Medical,"San Jose, CA",Staff Data Scientist,
Ascent Services Group,"Emeryville, CA",Clinical Science Data Reviewer,23
Chegg,"Santa Clara, CA","Manager of Data Science, Consumer Analytics",26
Bain&Company,"San Francisco, CA",Data Scientist,14
Entech Network Solutions,"Los Angeles, CA",Data Scientist,
Boot Barn,"Irvine, CA",Data Scientist,8
Google,"Mountain View, CA","Head of Data Science and Predictive Analytics, Google Marketing Solutions",4
Acxiom,"Redwood City, CA",Data Scientist,
Affirm,"San Francisco, CA",Machine Learning Engineer,
ThoughtWorks,"San Francisco, CA",Senior Data Engineer,19
Walmart eCommerce,"Sunnyvale, CA",Senior Product Manager,14
Verticalmove,"Palo Alto, CA",Data Analyst - Data Science/AI/Machine Learning,12
Two95 International Inc.,"San Francisco, CA",Associate Director Data Science and Analytics,20
Samsung Accelerator,"San Francisco, CA",Developer Evangelist - Data Science and Deep Learning,15
Robinhood,"Menlo Park, CA",Data Scientist,
Scoop,"San Francisco, CA",Data Scientist,6
CareerMonks,"Los Angeles, CA",Data Science Consultant,26
Treasure Data,"Mountain View, CA",PMM Director,
Amazon,"Sunnyvale, CA","Manager, Research Data Science",22
Rang Technologies Inc.,"San Mateo, CA",Data Scientist,6
University of California Berkeley,"Berkeley, CA",Postdoctoral Scholar - Data Science Program - School of Information,8
NBC Universal,"Beverly Hills, CA",Data Scientist,4
AdRoll Group,"San Francisco, CA","Staff Data Science Engineer, Incrementality",21
Rally Health,"San Francisco, CA",Director of Data Science,21
Change Healthcare,"Emeryville, CA",DATA ENGINEER,20
Zone24x7 Inc,"Milpitas, CA",Tech Lead Data Science,28
LendUp,"San Francisco, CA",Data Scientist,
McAfee,"Santa Clara, CA",Innovation Data Science Engineer,20
Workday,"Pleasanton, CA",Sr. Software Development Engineer,
,"San Francisco, CA","Director, Data Science and Analytics",26
Ascent,"Emeryville, CA",Clinical Science Data Reviewer,23
Elti Solutions,"San Francisco, CA",Data Scientist,
Thermo Fisher Scientific,"South San Francisco, CA","Director, Market Development, Clinical Genomics and Oncology",
BCG Digital Ventures,"Irvine, CA",Director of Technology & Analytics for a Stealth Venture,26
Kensho,"Los Angeles, CA",Data Scientist,
Amgen,"Thousand Oaks, CA",Principal Data Scientist,
Conviva,"Foster City, CA",Solutions Analyst,
L.A. Care Health Plan,"Los Angeles, CA",Data Science User Experience Specialist,9
Juvo,"San Francisco, CA",Data Scientist,
Slice Technologies,"San Mateo, CA",Data Scientist / Machine Learning Engineer - Classification Science,
SunAmerica Affordable Housing Partners,"Woodland Hills, CA",Data Scientist,
Tapjoy,"San Francisco, CA",Senior Software Engineer - Data Science,17
Mojio,"Palo Alto, CA",Data Scientist,
Streetline,"San Mateo, CA",Data Scientist,5
"LegalZoom.com, Inc.","Glendale, CA",Data Scientist,
Credit Karma,"San Francisco, CA","Engineering Manager, Data Services",26
Pocket Gems,"San Francisco, CA",Data Scientist,
thredUP,"San Francisco, CA",Machine Learning Engineer - Supply Growth,7
RPX Corp,"San Francisco, CA","Senior Developer: Python, Machine Learning, Data Science",10
Twitter,"San Francisco, CA","Software Engineer (Applied Data Science) - Revenue Science, Ads Marketplace",17
Uber,"San Francisco, CA","Data Science Engineering Manager, Self-Driving",9
AdRoll Group,"San Francisco, CA","Senior Data Science Engineer, Optimization",20
IBM,"San Francisco, CA",Data Science & Machine Learning Offering Manager Intern (undergrad),5
Snowflake Computing,"San Mateo, CA",Data Scientist,5
Syneos Health Commercial Solutions,"Los Angeles, CA","San Francisco, CA - Neuroscience Medical Science Liaison",13
Lacework,"Mountain View, CA",Security Research Lead,8
ThoughtWorks,"San Francisco, CA",Lead Data Engineer,22
Viasat,"San Diego, CA",Data Scientist,4
Syneos Health Commercial Solutions,"San Jose, CA","San Jose, CA- Pharmaceutical Sales Representative",21
Smith Hanley Associates,"Los Angeles, CA","Manager, Commercial Data Science/Analytics-PHARMA",23
GRAIL,"Menlo Park, CA",Senior Staff Biostatistician,
Angaza,"San Francisco, CA",Data Scientist,8
Syneos Health Commercial Solutions,"San Francisco, CA","Community Medical Science Liaison - Portland, OR",15
GRAIL,"Menlo Park, CA",Senior Research Associate,
Google,"Mountain View, CA","Data Scientist/Quantitative Analyst Intern, Summer",
"Bourntec Solutions, Inc.","Milpitas, CA",Data Scientist,5
Technical Connections,"Culver City, CA",Data Scientist,7
Tala,"Santa Monica, CA",Data Scientist,
GRAIL,"Menlo Park, CA",Associate Scientist,
CallFire Inc.,"Pasadena, CA",Data Scientist,
Cisco Systems,"San Jose, CA",Digital Data Manager,6
iHerb.com,"Irvine, CA",Data Scientist,
Walmart eCommerce,"San Bruno, CA",Associate Product Manager,26
GRAIL,"Menlo Park, CA",Program/ Project Manager,6
AstraZeneca,"South San Francisco, CA",Data Scientist,
Plaid Technologies,"San Francisco, CA",Data Scientist,8
Google,"Sunnyvale, CA","Head of Data Science, Google Cloud Revenue Acceleration",26
GRAIL,"Menlo Park, CA","Senior Director/ Vice President, Quality",6
Kaiser Permanente,"Oakland, CA",Senior Data Analyst-Marketing,21
Airbnb,"San Francisco, CA","Data Science Manager, Trips Platform",30
PDDN INC,"San Jose, CA",Data Scientist,27
GRAIL,"Menlo Park, CA",Software Platform Product Manager,
Asana,"San Francisco, CA",Data Scientist,12
LiveMindz,"Milpitas, CA",Data Scientist,4
FuelX,"San Francisco, CA",Data Scientist,7
Clarivate Analytics,"San Francisco, CA","Manager, Data Science",20
Bayer,"West Sacramento, CA","Statistics Scientist , Vegetable Seeds",8
Syneos Health Commercial Solutions,"San Francisco, CA",Engagement Manager,21
Capital Games,"Redwood City, CA",Data Scientist,7
Allstate,"Menlo Park, CA",Data Science Manager--Claims Casualty,13
Castlight Health,"San Francisco, CA",Data Engineering Intern,4
Twitch,"Irvine, CA",Software Development Manager,
Allstate,"Menlo Park, CA",Data Science Manager--Claims Property,11
Apple,"Santa Clara, CA",Senior Manager: Maps Data Science Team,19
Factual,"Los Angeles, CA","Product Manager, Insights",14
Walmart eCommerce,"San Bruno, CA",Senior Consumer Product Development Manager,21
Amgen,"Thousand Oaks, CA",Senior Associate Data Scientist,
Near(Singapore),"San Francisco, CA",Data Scientist,6
Nexient,"San Francisco, CA",Data Engineer,
General Assembly,"San Francisco, CA",Part Time Data Science Instructor,27
Eaze Solutions,"San Francisco, CA",Data Scientist,6
Intuit,"San Diego, CA",Staff Data Scientist,
Netflix,"Los Gatos, CA","Manager, Talent Acquisition - Machine Learning & Data Science",6
NetPace,"San Jose, CA",Data Scientist,
Snapfish,"San Francisco, CA",BI (Business Intelligence) Developer,
TaosMountain,"San Francisco, CA",Data Scientist,
Dtex Systems,"San Jose, CA",Data Science Engineer,14
Aston Carter,"Sacramento, CA",Data Analyst,25
UCLA Extension,"Los Angeles, CA",Data Science Instructor,27
Amobee,"Redwood City, CA","Scientist, Applied Science",12
Netflix,"Los Gatos, CA","Senior Data Scientist, Original Content Promotion",12
GRAIL,"Menlo Park, CA",Software Engineer,
"SIS-Systems Integration Solutions, Inc.","Sunnyvale, CA",Big Data & Data Science Platform Engineer,12
"TEKREQS, Inc.","San Francisco, CA",Senior R Programmer - Data Science Platform,
Cameron Craig Group,"San Diego, CA",Senior Data Scientist,
Ultimate Software,"San Francisco, CA","DEVOPS MANAGER, WEB / APPLICATION",28
Trulia,"San Francisco, CA","Senior Technical Product Manager, Data Science",15
6sense,"San Francisco, CA",Data Scientist,7
Euclid Analytics,"San Francisco, CA",Product Manager - Data Science & Machine Learning,17
Target,"Sunnyvale, CA",Lead Data Scientist - Haskell,
Amgen,"Thousand Oaks, CA",Senior Data Scientist,
Ultimate Software,"San Francisco, CA","SENIOR DEVOPS ENGINEER, WEB/APPLICATION",28
"Airbnb, Inc.","San Francisco, CA","Data Science Manager - Analytics, China",30
Virta Health,"San Francisco, CA","Software Engineer, Data",
Lawrence Livermore National Laboratory,"Livermore, CA",Data Scientist,9
Pinterest,"San Francisco, CA",Data Scientist,
Walmart eCommerce,"San Bruno, CA",Product Manager,
Nesco Resource,"Carlsbad, CA",Data Management Specialist - Life Sciences,26
Apple,"Santa Clara, CA","Sr. Machine Learning Engineer, Apple Retail Data Sciences",13
Zillow,"San Francisco, CA","Senior Technical Product Manager, Data Science",15
ESRI,"Redlands, CA",Data Scientist,7
Groupon,"San Francisco, CA",Data Scientist,6
Qualys,"Foster City, CA",Data Analyst,
Tenor,"San Francisco, CA",Data Scientist,9
Genesis10,"Playa Vista, CA",Data Analyst,
Twitter,"San Francisco, CA",Software Engineer (Applied Data Science) - MoPub,27
Illumina,"San Diego, CA",Bioinformatics Scientist 1 – Algorithm and Data Science,5
Facebook,"Menlo Park, CA","Analyst, Insights & Operations, Recruiting",
Chase,"Palo Alto, CA","Commercial Banking –Data Science, Analytics & Insights",14
CASTLE GLOBAL,"San Francisco, CA",Data Scientist,6
ZEFR,"Marina del Rey, CA",Data Scientist,
SVS Group,"Burlingame, CA",Data Scientist,9
Verticalmove,"Palo Alto, CA",Head of Data Science - Data Science/AI/Machine Learning,27
Illumina,"San Diego, CA",Bioinformatics Scientist 1 Algorithm and Data Science,29
Tenable,"San Francisco, CA",Technical Product Manager - Data Science with Tenable,19
Verticalmove,"Alameda, CA",Senior Data Scientist/Machine Learning - Data Science/AI/Machine Learning,8
The Chan Zuckerberg Initiative,"Palo Alto, CA",Data Scientist - Science,20
Syneos Health Commercial Solutions,"Los Angeles, CA",Oncology Medical Science Liaison,
ESRI,"Redlands, CA",Python API Developer - Applied Data Science,20
AgilOne,"San Francisco, CA",Data Scientist,6
Narvar,"San Francisco, CA",Data Scientist,
Brillio,"Santa Clara, CA",Data Scientist,6
Syneos Health Commercial Solutions,"San Jose, CA",Per Diem Home Injection Nurse Educator - San Jose Fresno,
Facebook,"Menlo Park, CA","Data Scientist, Marketing Science R&D",21
Teradata,"Santa Clara, CA",Platform Solution Architect - Artificial Intelligence & Data Science,
Massdrop,"San Francisco, CA",Data Scientist,8
SpringML,"Pleasanton, CA",Analytics Consultant,16
HG Data,"Santa Barbara, CA",Data Scientist,11
First American,"Santa Ana, CA",Data Scientist,5
Uber,"San Francisco, CA",Group Product Manager - Global Intelligence,
Exabeam,"San Mateo, CA",Data Scientist,18
Uber,"San Francisco, CA",Product Manager - Uber Eats- Marketplace Prediction,7
Egnyte,"Mountain View, CA",Sr. Software Engineer - Data,
ZipRecruiter,"Santa Monica, CA",Data Scientist,6
Tata Consultancy Services,"San Jose, CA",Supply Chain And Data Science Consultant,30
GRAIL,"Menlo Park, CA",Software Engineer Internship,
Oracle,"San Jose, CA",Data Science & Machine Learning Lead - Cloud Access Security Broker Team,8
Classy,"San Diego, CA",Data Engineer,
GDIT,"San Diego, CA",Data Scientist,
Uber,"San Francisco, CA",Product Marketing Manager - Uber - Financial Products,4
Global Placement Firm,"San Francisco, CA",Head of Data Sciences,17
Facebook,"Menlo Park, CA","Postdoctoral Researcher, Core Data Science (PhD University Grad)",19
Uber,"San Francisco, CA",Product Marketing Manager Lead - Driver Engagement,
California Southern University,"Costa Mesa, CA",Data Analyst: Research and Assessment,
Gwynnie Bee,"Mountain View, CA",Data Scientist,7
P&L Strategies,"Culver City, CA","Software Engineers: Big Data, Hadoop, Data Science",8
TrueCar,"Santa Monica, CA",Data Analyst,
CyberCube Analytics,"San Francisco, CA",Data Scientist,26
Lawrence Berkeley Lab,"Berkeley, CA",Postdoctoral Scholar - Data Science & Technology Department (Computational Research),9
Amobee,"Redwood City, CA","Research Engineer, Applied Science Infrastructure",
Rakuten,"San Mateo, CA",Data Scientist,5
Intel,"Folsom, CA",Data Analyst,6
Virta Health,"San Francisco, CA",Data Scientist,26
IFTTT,"San Francisco, CA",Data Scientist,9
Medtronic Inc.,"Northridge, CA","Engineering Manager, Data Science & Algorithm Development (DSP)",14
GRAIL,"Menlo Park, CA",Molecular Pathology Director,
Advanced Software Talent,"South San Francisco, CA",Data Scientist,9
Razorfish,"San Francisco, CA","Director, Data Science and Analytics - Entertainment and Media Industry Opportunity",25
"Williams-Sonoma, Inc.","San Francisco, CA",Data Scientist,5
Experis,"San Francisco, CA",BI Analyst,
Intuit,"San Francisco, CA",Principal Data Scientist,
"University of California, San Diego","La Jolla, CA",Temporary Lecturer - Data Science Program 2018,20
Amazon,"Irvine, CA",AI Solutions Architect,7
Oracle,"Redwood City, CA",Data Scientist,8
PwC,"San Jose, CA","Consulting Manager - Analytics & Data Science, TMT",
Samba TV,"San Francisco, CA",Data Scientist,8
Siluria Technologies,"San Francisco, CA",Data Scientist,27
Criteo,"Palo Alto, CA","Product Data Analyst, Sponsored Products",19
People.ai,"San Francisco, CA",Head of Data Science - AI/ML Focused Enterprise SaaS,19
Robert Half Technology,"Los Angeles, CA",Data Scientist,6
Huawei Technologies,"Santa Clara, CA",Data Scientist,4
Opendoor,"San Francisco, CA",Data Scientist,10
Children's Hospital Los Angeles,"Los Angeles, CA",Data Scientist,
Collective Health,"San Francisco, CA",Data Scientist,12
LeanTaaS,"Santa Clara, CA",Data Scientist,29
HONK,"Los Angeles, CA",Data Science - Marketplace Optimization & Forecast,28
mckesson,"San Francisco, CA",Data Scientist,4
Helix OpCo,"San Carlos, CA",Data Scientist,19
Strava,"San Francisco, CA",Data Scientist,20
Earnest,"San Francisco, CA",Product Engineer - Home Squad,
Aruba Networks,"Santa Clara, CA",Data Scientist,12
GRAIL,"Menlo Park, CA",Machine Learning Engineer,
Linc Global,"Sunnyvale, CA",Data Scientist,14
AIG,"Woodland Hills, CA",Data Scientist,5
Western Digital Corporation,"Irvine, CA",Data Scientist,
Sonder,"San Francisco, CA",Business Development Manager (Head of Real Estate),
Rose International,"San Jose, CA",Data Analyst,
NCSOFT,"Aliso Viejo, CA",Data Analyst,
Visa Inc.,"Foster City, CA",Come Join a Growing Analytics and Data Science Team!,19
The Aerospace Corporation,"El Segundo, CA",Data Scientist,13
Treasure Data,"Mountain View, CA",Senior Rails API Engineer,
ViaSat,"San Diego, CA",Intern - Data Scientist,5
Shift Technologies,"San Francisco, CA",Data Analyst,
Health Services Advisory Group,"Los Angeles, CA","Analyst I, Data Science in Los Angeles, CA at HSAG",14
Icon Media Direct,"Sherman Oaks, CA",Data Scientist,6
REDHORSE CORPORATION,"San Diego, CA",Data Science/Environmental Intern (Temporary),12
Flexport,"San Francisco, CA",Head of Data,
Syapse,"San Francisco, CA","Senior Software Engineer, Analytics Platform",
McAfee,"Santa Clara, CA",Data Analyst Intern,
Verticalmove,"Mill Valley, CA",Senior Data Scientist - Data Science/AI/Machine Learning,26
Society of Actuaries,United States,Senior P&C Insurance Data Science Manager,19
Verticalmove,"Mill Valley, CA",Lead Data Analyst - Data Science/AI/Machine Learning,26
LendUp,"San Francisco, CA",Data Analyst,
Facebook,"Menlo Park, CA","Software Engineering Manager, Spatial Computing",21
Zendrive,"San Francisco, CA",Data Scientist,26
ZEDVentures Incorporated,"San Jose, CA",Data Scientist,16
Rauxa,"Orange, CA",Data Scientist,13
Vitamin T,"Los Angeles, CA","Data Scientist, Marketing Analytics (Attribution)",12
Vectra Networks,"San Jose, CA",Data Scientist,21
Google,"South San Francisco, CA","Clinical Data Manager, Verily Life Sciences",28
Wpromote,"El Segundo, CA",Data Scientist,21
Syneos Health Commercial Solutions,"Los Angeles, CA","Los Angeles North, CA-Specialty Sales Representative",18
Vitamin T,"Los Angeles, CA",Data Scientist - Marketing Analytics,12
Adara Media,"Palo Alto, CA",Sr. Data Analyst,20
OluKai-Kaenon-melin-Roark,"Irvine, CA",Data Science Expert,15
Technosoft Corporation,"San Jose, CA",Data Scientist,19
"Farmer's Business Network, Inc.","San Carlos, CA",Data Scientist,20
Hewlett Packard Enterprise,"Santa Clara, CA",Data Scientist,9
Formation,"San Francisco, CA",Business Operations Lead,
TrueCar,"Santa Monica, CA",Data Analyst - Tableau,
Skyrocket Ventures,"San Francisco, CA",Sr. Machine Learning Engineer / Head of Data Science (A.I. Startup),30
REVOLVE,"Cerritos, CA",Data Scientist,7
Facebook,"Menlo Park, CA","Data Scientist, Infrastructure",9
SurveyMonkey,"San Mateo, CA",Data Scientist,21
FIS,"San Francisco, CA",Systems Administrator Specialist,
Tripping,"San Francisco, CA",Data Scientist,21
"CLARA analytics, Inc.","Santa Clara, CA",Data Scientist,13
Electronic Arts,"Redwood City, CA",Data Scientist,15
Vim,"San Francisco, CA",Data Analyst,
Jam City,"Culver City, CA",Technical Artist,5
"University of California, San Diego","La Jolla, CA",Lecturer with Potential Security of Employment (LPSOE) - Data Science Program,21
Pixel Labs,"San Francisco, CA",Data Science Lead,30
Pluto7,"San Jose, CA",Data Scientist,25
Argus Information & Advisory Services,"San Francisco, CA",Modeling Associate,13
Retail Solutions,"Mountain View, CA",Data Scientist,14
Connexity,"Los Angeles, CA",Sr. Software Engineer- Big Data,
Roku,"Los Gatos, CA",Account Manager - Marketing,16
Slalom LLC.,"Los Angeles, CA",Data Engineer,
Jam City,"Culver City, CA",Associate Creative Producer,
Hired,"San Francisco, CA",Machine Learning Engineer,
Fair,"Santa Monica, CA",Data Scientist,
tronc,"Los Angeles, CA",Sr. Data Scientist,19
Jam City,"San Francisco, CA",Studio Design Director,
SBM Offshore,"Monaco, CA",DATA SCIENTIST TRAINEE,20
"AppZen, Inc.","San Jose, CA",Product Support Representative,
Yummly,"Redwood City, CA",Data Scientist,19
Formation,"San Francisco, CA",Director of Product Marketing,
Aquilent,"Oxnard, CA",Data Scientist,12
WhereTo,"San Francisco, CA",Data Scientist,
Noodle.ai,"Palo Alto, CA",Principal Data Scientist,
Grand Rounds,"San Francisco, CA",Data Scientist,15
Change Healthcare,"Emeryville, CA",Data Scientist,
Glint,"Redwood City, CA",Senior People Science Consultant,
Indeed,"San Francisco, CA",Data Scientist,26
Jam City,"Culver City, CA",Executive Producer,
tronc,"Los Angeles, CA",Contract Marketing Data Analyst,
LHP Engineering Solutions,"Torrance, CA",Data Scientist,9
Kaplan Test Prep,"San Francisco, CA",Part-time instructor of Statistics for Data Science and Machine Learning,23
Glint,"Redwood City, CA",Principal People Science Consultant,
Kohl's,"Milpitas, CA",Data Scientist Engineer,20
"First Tek, Inc.","San Francisco, CA",Sr. Manager/Associate Director Data Science and Analytics,30
Saama Technologies Inc,"Campbell, CA",New College Graduate,6
Atlassian,"Mountain View, CA",Data Analyst,
Presto,"Redwood City, CA",Data Scientist,6
Marketing Evolution,"Rancho Cordova, CA","Data Integration Specialist, IBP Configuration",9
Tapjoy,"San Francisco, CA",Data Scientist,24
"AppZen, Inc.","San Jose, CA",Alliances Director,
Fanatics,"San Mateo, CA","Senior Product Manager, Inventory Data Science and Engineering",
Payette Group,"Palo Alto, CA",Data Scientist,30
Verizon,"Irvine, CA",Data Scientist,10
Ticketmaster,"Hollywood, CA","Intern, Engineering",
MoTek Technologies,"Mountain View, CA",Data Scientist,14
UC Davis Medical Center,"Sacramento, CA",Data Analyst,
Branch,"San Francisco, CA",Performance Marketing Associate,
GRAIL,"Menlo Park, CA","Associate Director, Communications",22
VideoAmp,"Los Angeles, CA","Scala Data Engineer, Digital Delivery",
ThirdLove,"San Francisco, CA",Data Scientist,28
TrueCar,"Santa Monica, CA",Senior Data Analyst,
Tala,"Santa Monica, CA",Data Platform Engineer,
Teespring,"San Francisco, CA",Data Scientist,11
Progress,"Redwood City, CA",Senior Product Marketing Manager,
SAP,"Los Angeles, CA",Data Scientist,22
21st Century Fox,"Los Angeles, CA","Director, Data Science - Entertainment and Media Industry Opportunity",30
Bold Metrics,"San Jose, CA",Data Scientist,
Credit Sesame,"San Francisco, CA",Digital Analyst,
Humanyze,"Palo Alto, CA",Data Analyst,
"YapStone, Inc.","Walnut Creek, CA",Data Scientist,12
Windfall Data,"San Francisco, CA",Data Scientist,22
GRAIL,"Menlo Park, CA",Epidemiologist,
Facebook,"Menlo Park, CA",Lead Data Scientist,
Vungle,"San Francisco, CA",Senior Data Scientist,
Enterprise Solution inc,"Santa Clara, CA",Data Scientist,22
Discord,"San Francisco, CA",Data Analyst,
"EDO, Inc.","San Francisco, CA",Data Scientist,15
LeadStack,"San Francisco, CA",Data Analyst,
Qualys,"Foster City, CA",Senior Data Scientist,27
"Quora, Inc.","Mountain View, CA",User Researcher,5
Thermo Fisher Scientific,"Carlsbad, CA",Data Scientist,25
Uber,"San Francisco, CA",Sr Product Manager - Customer Obsession - ContactLESS,8
Stitch Fix,"San Francisco, CA",Data Scientist,23
Facebook,"Menlo Park, CA","Data Scientist, Analytics - Sharing/Ecosystems",
C H Reynolds Electric,"San Francisco, CA",Data Analyst,
Facebook,"Menlo Park, CA","Data Scientist, Analytics - Video Ecosystem",
Hired,"San Francisco, CA",Staff Machine Learning Engineer,
EVERFI,"Walnut Creek, CA",Product Designer,
Allstate,"Menlo Park, CA",Junior Data Scientist,
Mastech Digital,"Los Angeles, CA",Data Analyst,7
Sojern,"San Francisco, CA","Data Analyst, Experimentation",
Facebook,"Menlo Park, CA","Data Scientist, Customer Insights",12
GRAIL,"Menlo Park, CA",Senior Medical Director,15
NVIDIA,"Santa Clara, CA",Solution Architect - Embedded,
Facebook,"Menlo Park, CA",Network Data Scientist,14
"Dialpad, Inc.","San Francisco, CA",Data Engineer,20
GRAIL,"Menlo Park, CA",Staff Clinical Scientist,27
Cisco Systems,"San Jose, CA","Data Scientist, Advanced Analytics and Optimization",
TrueCar,"Santa Monica, CA","Director, SEO",
Udacity,"Mountain View, CA",Senior Data Scientist,
Facebook,"Menlo Park, CA","Data Scientist, Insights and Growth",14
Walmart eCommerce,"Sunnyvale, CA","Engineering Leader, Data Science/Machine Learning",21
Jam City,"San Francisco, CA",UI/UX Designer,
INgrooves Music Group,"Los Angeles, CA",Data Scientist,14
Lawrence Berkeley Lab,"Berkeley, CA",Data Scientist,23
GRAIL,"Menlo Park, CA","Director, People Operations & Technology",21
Kernel Talent Agency,United States,Data Scientist,
Facebook,"Menlo Park, CA","Policy Research Director, Global",
Google Inc.,"San Bruno, CA","(USA-CA-San Bruno) Product Analyst, Data Science",30
Edmunds.com,"Santa Monica, CA",Data Scientist,23
Kaplan,"San Francisco, CA",Part-time instructor of Statistics for Data Science and Machine Learning,22
Lyft,"San Francisco, CA",Data Scientist,
GRAIL,"Menlo Park, CA",Technical Writer,
TrueAccord,"San Francisco, CA",Quality Control/Business Analyst,
Instacart,"San Francisco, CA","Senior Software Engineer, Data Science Platform",8
GRAIL,"Menlo Park, CA",Quality Engineer,
Instacart,"San Francisco, CA","Senior Software Engineer, Data Science Platform",8
AbbVie,"Redwood City, CA","Senior Manager/Principal Statistician, Clinical Statistics",
Genesis infotech inc,"San Francisco, CA",Data Scientist,30
Twitch,"San Francisco, CA",UI/UX Designer,
Komodo Health,"San Francisco, CA",Data Warehouse Engineer,
Figure Eight,"San Francisco, CA",Associate Solutions Consultant - Professional Services,
Vectra Networks,"San Jose, CA",Application Team Lead,0
Syneos Health,"Santa Cruz, CA","Santa Cruz, CA-Pharmaceutical Sales Representative",20
GRAIL,"Menlo Park, CA",Automation Engineer,
Lumiata,"San Mateo, CA",Data Scientist,26
"Quora, Inc.","Mountain View, CA",Engineering Manager - Data Infrastructure,
Stride Search,United States,Data Scientist,16
Sun Basket,"San Francisco, CA",Data Engineer,
LeapYear,"Berkeley, CA",Data Scientist,13
Survata,"San Francisco, CA",Data Scientist,17
GRAIL,"Menlo Park, CA",Senior Document Control Specialist,0
Ascent Services Group,"South San Francisco, CA",Data Scientist,22
Automation Anywhere,"San Jose, CA",Data Scientist,12
Rally Health,"San Francisco, CA",Data Scientist,
Palnar INC,"Los Angeles, CA",Data Scientist,15
Link Consulting,"Newport Beach, CA",Data Scientist,30
Russell Tobin & Associates,"San Francisco, CA",Data Analyst,8
Yelp,"San Francisco, CA",Data Scientist,19
NoRedInk,"San Francisco, CA",Data Analyst,
"Advanced Decision Vectors, LLC","Sacramento, CA",Data Analyst,
Rabbit,"Redwood City, CA",Data Analyst,
Plato,"San Francisco, CA",Data Analyst Intern,
Stripe,"San Francisco, CA","Product Manager, Invoicing Platforms",
Grand Rounds,"San Francisco, CA",Software Engineer - Data Engineering,1
Stripe,"San Francisco, CA","Engineering Manager, Developer Productivity",0
Target,"Sunnyvale, CA",Lead Data Scientist,5
Twitter,"San Francisco, CA",Engineering Manager - Ads Marketplace,
University of Southern California,"Marina del Rey, CA",Research Programmer I,
LendUp,"San Francisco, CA",Senior Data Scientist,
eero,"San Francisco, CA",Data Scientist,14
Slice Technologies,"San Mateo, CA",Data Scientist / Machine Learning Engineer - Information Extraction,
Lab126,"Boston Ravine, CA","Principal Solutions Architect, Database & Analytics",
Paysafe,"Irvine, CA",Data Analyst,4
Curvature,"Santa Barbara, CA",Data Analyst,0
BOLD,"San Francisco, CA",Sr. Data Scientist,18
Samsung Research America,"Mountain View, CA",Data Scientist - Health,
Quantifind,"Menlo Park, CA","Director of Product, Financial Crimes",0
Oracle,"San Jose, CA",Data Science & Machine Learning Lead or Director - Cloud Access Security Broker Team,8
Doximity,"San Francisco, CA",Data Analyst,5
Course Hero,"Redwood City, CA","Director of Engineering, Search Intelligence",
Infobahn Softworld,"San Jose, CA",Data Scientists,7
CallFire,"Santa Monica, CA",Senior DevOps Engineer,
Everlane,"San Francisco, CA",Data Analyst,5
Stockpile,"Palo Alto, CA",Data Scientist,28
Facebook,"Menlo Park, CA","Data Scientist, SMB",
Keysight Technologies,"Santa Rosa, CA",Data Analyst Internship,
University of Southern California,"Los Angeles, CA",Project Assistant,0
CyberSearch,"Pasadena, CA",Data Analyst,7
ThreatMetrix,"San Jose, CA",Data Scientist,28
Adobe,"San Francisco, CA","Value Engineer, Senior Digital Strategist",1
Stanford School of Medicine,"Stanford, CA",Administrative Associate 2,0
Wish,"San Francisco, CA",Data Scientist,15
Target,"Sunnyvale, CA",Lead Data Engineer - A/B Testing/Measurement Platform,5
Aera Technology,"Mountain View, CA",Solution Architect,1
Granular,"San Francisco, CA","Senior Software Engineer, Backend",
Dollar Shave Club,"Marina del Rey, CA",Senior Data Scientist,
TrueCar,"Santa Monica, CA",Senior Research Data Analyst,
Disney,"Burbank, CA","Data Analyst Internship- Burbank, Fall",4
Flexport,"San Francisco, CA",Analytics Manager,
Figure Eight,"San Francisco, CA",Senior DevOps Engineer,
Fundbox,"San Francisco, CA",Revenue Accountant,
Transdev,"South San Francisco, CA",Data Scientist,13
OrangePeople,"Menlo Park, CA",Security Data Analyst II,
University of California,"Berkeley, CA",Research Data Analyst 2 (6256U,
OrangePeople,"Menlo Park, CA",Security Data Analyst I,
Roche,"Santa Clara, CA","Manager, Signal Processing, Sequencing",0
Parsable,"San Francisco, CA",Data Architect/ Data Scientist,
Cylance Inc.,"Irvine, CA",Senior Product Manager,5
"PARC, a Xerox company","Palo Alto, CA",Data Scientist,15
CareMessage,"San Francisco, CA",Data Scientist,14
"Turnitin, LLC","Oakland, CA",Director of Machine Learning,0
Plum Lending,"San Francisco, CA",Sales Development Rep,0
Twitter,"San Francisco, CA","Data Scientist, Metrics&Experimentation",
Cloudera,"Palo Alto, CA",Director Sales Analytics & Research,0
AIDS Healthcare Foundation,"Los Angeles, CA",Information Technology Intern- Junior Data Analyst (Programmer),
Facebook,"Menlo Park, CA","Data Scientist, Analytics - Monetization: Ads Quality and Delivery",15
HP Inc.,"Palo Alto, CA",Lead Data Scientist,8
Lam Research,"Fremont, CA",Engineering Intern 3,0
ServiceNow,"Santa Clara, CA",Senior Data Scientist,0
Apple Inc.,"Cupertino, CA",Data Scientist Machine Learning - Maps Evaluation,6
Twilio,"San Francisco, CA",AI/Machine Learning Senior Engineer (Java & Python),0
Southern California Edison,"Rosemead, CA",Senior Data Scientist - Clean Energy,7
Qventus,"Mountain View, CA",Customer Success Data Wrangler,
Figure Eight,"San Francisco, CA","Director, Professional Services",7
Bayside Solutions,"South San Francisco, CA",Data Scientist,23
Mojio,"Palo Alto, CA",Data Analyst,
SigFig,"San Francisco, CA",Recruiting Coordinator,
Jam City,"Culver City, CA",Platform Engineer,0
Measurabl,"San Diego, CA",Software Engineer - Data,7
iHerb.com,"Irvine, CA",Software Developer-Search,
Apple,"Santa Clara, CA",Analytics Support Engineer and Evangelist,
Formation,"San Francisco, CA",Copywriter,
Target,"Sunnyvale, CA",Sr Data Engineer,
Becton Dickinson and Company,"San Diego, CA",Data Scientist,23
Infometry,"Fremont, CA",Data Scientist,17
Adobe,"San Jose, CA",Research Scientist,
Matchpoint Solutions,"San Francisco, CA",Data Engineer,0
Quizlet,"San Francisco, CA",Senior Data Engineer,
Davis Innovators,"Redwood City, CA",Data Scientist,27
Capital Markets Placement,"San Jose, CA","Consulting Manager - Analytics & Data Science, TMT",19
Turn/River Capital,"San Francisco, CA",Data Scientist,15
McAfee,"Santa Clara, CA",Data Scientist,20
realtor.com,"Santa Clara, CA","Principal Software engineer, Backend/Platform",
realtor.com,"Santa Clara, CA",Staff / Sr. Staff Software Engineer - Platform,
Pulse Secure,"San Jose, CA",Sr. Data Analyst,
Twitter,"San Francisco, CA","Senior Analyst, Corporate FP&A (Metrics)",0
IQVIA Holdings Inc,"Los Angeles, CA",Oncology Nurse Educator - West or Southwest - LYA10619 -,
Credit Sesame,"San Francisco, CA",Senior Product Analytics Lead,
Caltech (California),"Pasadena, CA",Data Systems Engineer,1
realtor.com,"Santa Clara, CA",Principal Software Engineer - Platform,1
Enormous Enterprise LLC,"Fremont, CA",Watson Content Analytics Developer,7
Data Direct Networks,"Sunnyvale, CA",Account Executive - HPC & Life Sciences,5
Lawrence Berkeley Lab,"Berkeley, CA",Student Assistant,1
Veritas,"Mountain View, CA",Sr. Data Science Engineer,26
Bayside Solutions,"South San Francisco, CA","

                        Data Scientist
",
